PassengerId,Survived,Pclass,Sex,Age,SibSp,Parch,Fare,Embarked,Deck
1,0,3,0,22.0,1,0,7.25,2,3
2,1,1,1,38.0,1,0,71.2833,0,0
3,1,3,1,26.0,0,0,7.925,2,3
4,1,1,1,35.0,1,0,53.1,2,0
5,0,3,0,35.0,0,0,8.05,2,3
6,0,3,0,28.0,0,0,8.4583,1,3
7,0,1,0,54.0,0,0,51.8625,2,1
8,0,3,0,2.0,3,1,21.075,2,3
9,1,3,1,27.0,0,2,11.1333,2,3
10,1,2,1,14.0,1,0,30.0708,0,3
11,1,3,1,4.0,1,1,16.7,2,2
12,1,1,1,58.0,0,0,26.55,2,0
13,0,3,0,20.0,0,0,8.05,2,3
14,0,3,0,39.0,1,5,31.275,2,3
15,0,3,1,14.0,0,0,7.8542,2,3
16,1,2,1,55.0,0,0,16.0,2,3
17,0,3,0,2.0,4,1,29.125,1,3
18,1,2,0,28.0,0,0,13.0,2,3
19,0,3,1,31.0,1,0,18.0,2,3
20,1,3,1,28.0,0,0,7.225,0,3
21,0,2,0,35.0,0,0,26.0,2,3
22,1,2,0,34.0,0,0,13.0,2,1
23,1,3,1,15.0,0,0,8.0292,1,3
24,1,1,0,28.0,0,0,35.5,2,0
25,0,3,1,8.0,3,1,21.075,2,3
26,1,3,1,38.0,1,5,31.3875,2,3
27,0,3,0,28.0,0,0,7.225,0,3
28,0,1,0,19.0,3,2,263.0,2,0
29,1,3,1,28.0,0,0,7.8792,1,3
30,0,3,0,28.0,0,0,7.8958,2,3
31,0,1,0,40.0,0,0,27.7208,0,3
32,1,1,1,28.0,1,0,146.5208,0,0
33,1,3,1,28.0,0,0,7.75,1,3
34,0,2,0,66.0,0,0,10.5,2,3
35,0,1,0,28.0,1,0,82.1708,0,3
36,0,1,0,42.0,1,0,52.0,2,3
37,1,3,0,28.0,0,0,7.2292,0,3
38,0,3,0,21.0,0,0,8.05,2,3
39,0,3,1,18.0,2,0,18.0,2,3
40,1,3,1,14.0,1,0,11.2417,0,3
41,0,3,1,40.0,1,0,9.475,2,3
42,0,2,1,27.0,1,0,21.0,2,3
43,0,3,0,28.0,0,0,7.8958,0,3
44,1,2,1,3.0,1,2,41.5792,0,3
45,1,3,1,19.0,0,0,7.8792,1,3
46,0,3,0,28.0,0,0,8.05,2,3
47,0,3,0,28.0,1,0,15.5,1,3
48,1,3,1,28.0,0,0,7.75,1,3
49,0,3,0,28.0,2,0,21.6792,0,3
50,0,3,1,18.0,1,0,17.8,2,3
51,0,3,0,7.0,4,1,39.6875,2,3
52,0,3,0,21.0,0,0,7.8,2,3
53,1,1,1,49.0,1,0,76.7292,0,1
54,1,2,1,29.0,1,0,26.0,2,3
55,0,1,0,65.0,0,1,61.9792,0,0
56,1,1,0,28.0,0,0,35.5,2,0
57,1,2,1,21.0,0,0,10.5,2,3
58,0,3,0,28.5,0,0,7.2292,0,3
59,1,2,1,5.0,1,2,27.75,2,3
60,0,3,0,11.0,5,2,46.9,2,3
61,0,3,0,22.0,0,0,7.2292,0,3
62,1,1,1,38.0,0,0,80.0,2,0
63,0,1,0,45.0,1,0,83.475,2,0
64,0,3,0,4.0,3,2,27.9,2,3
65,0,1,0,28.0,0,0,27.7208,0,3
66,1,3,0,28.0,1,1,15.2458,0,3
67,1,2,1,29.0,0,0,10.5,2,2
68,0,3,0,19.0,0,0,8.1583,2,3
69,1,3,1,17.0,4,2,7.925,2,3
70,0,3,0,26.0,2,0,8.6625,2,3
71,0,2,0,32.0,0,0,10.5,2,3
72,0,3,1,16.0,5,2,46.9,2,3
73,0,2,0,21.0,0,0,73.5,2,3
74,0,3,0,26.0,1,0,14.4542,0,3
75,1,3,0,32.0,0,0,56.4958,2,3
76,0,3,0,25.0,0,0,7.65,2,2
77,0,3,0,28.0,0,0,7.8958,2,3
78,0,3,0,28.0,0,0,8.05,2,3
79,1,2,0,0.83,0,2,29.0,2,3
80,1,3,1,30.0,0,0,12.475,2,3
81,0,3,0,22.0,0,0,9.0,2,3
82,1,3,0,29.0,0,0,9.5,2,3
83,1,3,1,28.0,0,0,7.7875,1,3
84,0,1,0,28.0,0,0,47.1,2,3
85,1,2,1,17.0,0,0,10.5,2,3
86,1,3,1,33.0,3,0,15.85,2,3
87,0,3,0,16.0,1,3,34.375,2,3
88,0,3,0,28.0,0,0,8.05,2,3
89,1,1,1,23.0,3,2,263.0,2,0
90,0,3,0,24.0,0,0,8.05,2,3
91,0,3,0,29.0,0,0,8.05,2,3
92,0,3,0,20.0,0,0,7.8542,2,3
93,0,1,0,46.0,1,0,61.175,2,1
94,0,3,0,26.0,1,2,20.575,2,3
95,0,3,0,59.0,0,0,7.25,2,3
96,0,3,0,28.0,0,0,8.05,2,3
97,0,1,0,71.0,0,0,34.6542,0,0
98,1,1,0,23.0,0,1,63.3583,0,1
99,1,2,1,34.0,0,1,23.0,2,3
100,0,2,0,34.0,1,0,26.0,2,3
101,0,3,1,28.0,0,0,7.8958,2,3
102,0,3,0,28.0,0,0,7.8958,2,3
103,0,1,0,21.0,0,1,77.2875,2,1
104,0,3,0,33.0,0,0,8.6542,2,3
105,0,3,0,37.0,2,0,7.925,2,3
106,0,3,0,28.0,0,0,7.8958,2,3
107,1,3,1,21.0,0,0,7.65,2,3
108,1,3,0,28.0,0,0,7.775,2,3
109,0,3,0,38.0,0,0,7.8958,2,3
110,1,3,1,28.0,1,0,24.15,1,3
111,0,1,0,47.0,0,0,52.0,2,0
112,0,3,1,14.5,1,0,14.4542,0,3
113,0,3,0,22.0,0,0,8.05,2,3
114,0,3,1,20.0,1,0,9.825,2,3
115,0,3,1,17.0,0,0,14.4583,0,3
116,0,3,0,21.0,0,0,7.925,2,3
117,0,3,0,70.5,0,0,7.75,1,3
118,0,2,0,29.0,1,0,21.0,2,3
119,0,1,0,24.0,0,1,247.5208,0,0
120,0,3,1,2.0,4,2,31.275,2,3
121,0,2,0,21.0,2,0,73.5,2,3
122,0,3,0,28.0,0,0,8.05,2,3
123,0,2,0,32.5,1,0,30.0708,0,3
124,1,2,1,32.5,0,0,13.0,2,1
125,0,1,0,54.0,0,1,77.2875,2,1
126,1,3,0,12.0,1,0,11.2417,0,3
127,0,3,0,28.0,0,0,7.75,1,3
128,1,3,0,24.0,0,0,7.1417,2,3
129,1,3,1,28.0,1,1,22.3583,0,2
130,0,3,0,45.0,0,0,6.975,2,3
131,0,3,0,33.0,0,0,7.8958,0,3
132,0,3,0,20.0,0,0,7.05,2,3
133,0,3,1,47.0,1,0,14.5,2,3
134,1,2,1,29.0,1,0,26.0,2,3
135,0,2,0,25.0,0,0,13.0,2,3
136,0,2,0,23.0,0,0,15.0458,0,3
137,1,1,1,19.0,0,2,26.2833,2,1
138,0,1,0,37.0,1,0,53.1,2,0
139,0,3,0,16.0,0,0,9.2167,2,3
140,0,1,0,24.0,0,0,79.2,0,0
141,0,3,1,28.0,0,2,15.2458,0,3
142,1,3,1,22.0,0,0,7.75,2,3
143,1,3,1,24.0,1,0,15.85,2,3
144,0,3,0,19.0,0,0,6.75,1,3
145,0,2,0,18.0,0,0,11.5,2,3
146,0,2,0,19.0,1,1,36.75,2,3
147,1,3,0,27.0,0,0,7.7958,2,3
148,0,3,1,9.0,2,2,34.375,2,3
149,0,2,0,36.5,0,2,26.0,2,2
150,0,2,0,42.0,0,0,13.0,2,3
151,0,2,0,51.0,0,0,12.525,2,3
152,1,1,1,22.0,1,0,66.6,2,0
153,0,3,0,55.5,0,0,8.05,2,3
154,0,3,0,40.5,0,2,14.5,2,3
155,0,3,0,28.0,0,0,7.3125,2,3
156,0,1,0,51.0,0,1,61.3792,0,3
157,1,3,1,16.0,0,0,7.7333,1,3
158,0,3,0,30.0,0,0,8.05,2,3
159,0,3,0,28.0,0,0,8.6625,2,3
160,0,3,0,28.0,8,2,69.55,2,3
161,0,3,0,44.0,0,1,16.1,2,3
162,1,2,1,40.0,0,0,15.75,2,3
163,0,3,0,26.0,0,0,7.775,2,3
164,0,3,0,17.0,0,0,8.6625,2,3
165,0,3,0,1.0,4,1,39.6875,2,3
166,1,3,0,9.0,0,2,20.525,2,3
167,1,1,1,28.0,0,1,55.0,2,1
168,0,3,1,45.0,1,4,27.9,2,3
169,0,1,0,28.0,0,0,25.925,2,3
170,0,3,0,28.0,0,0,56.4958,2,3
171,0,1,0,61.0,0,0,33.5,2,0
172,0,3,0,4.0,4,1,29.125,1,3
173,1,3,1,1.0,1,1,11.1333,2,3
174,0,3,0,21.0,0,0,7.925,2,3
175,0,1,0,56.0,0,0,30.6958,0,0
176,0,3,0,18.0,1,1,7.8542,2,3
177,0,3,0,28.0,3,1,25.4667,2,3
178,0,1,1,50.0,0,0,28.7125,0,0
179,0,2,0,30.0,0,0,13.0,2,3
180,0,3,0,36.0,0,0,0.0,2,3
181,0,3,1,28.0,8,2,69.55,2,3
182,0,2,0,28.0,0,0,15.05,0,3
183,0,3,0,9.0,4,2,31.3875,2,3
184,1,2,0,1.0,2,1,39.0,2,2
185,1,3,1,4.0,0,2,22.025,2,3
186,0,1,0,28.0,0,0,50.0,2,0
187,1,3,1,28.0,1,0,15.5,1,3
188,1,1,0,45.0,0,0,26.55,2,3
189,0,3,0,40.0,1,1,15.5,1,3
190,0,3,0,36.0,0,0,7.8958,2,3
191,1,2,1,32.0,0,0,13.0,2,3
192,0,2,0,19.0,0,0,13.0,2,3
193,1,3,1,19.0,1,0,7.8542,2,3
194,1,2,0,3.0,1,1,26.0,2,2
195,1,1,1,44.0,0,0,27.7208,0,0
196,1,1,1,58.0,0,0,146.5208,0,0
197,0,3,0,28.0,0,0,7.75,1,3
198,0,3,0,42.0,0,1,8.4042,2,3
199,1,3,1,28.0,0,0,7.75,1,3
200,0,2,1,24.0,0,0,13.0,2,3
201,0,3,0,28.0,0,0,9.5,2,3
202,0,3,0,28.0,8,2,69.55,2,3
203,0,3,0,34.0,0,0,6.4958,2,3
204,0,3,0,45.5,0,0,7.225,0,3
205,1,3,0,18.0,0,0,8.05,2,3
206,0,3,1,2.0,0,1,10.4625,2,2
207,0,3,0,32.0,1,0,15.85,2,3
208,1,3,0,26.0,0,0,18.7875,0,3
209,1,3,1,16.0,0,0,7.75,1,3
210,1,1,0,40.0,0,0,31.0,0,0
211,0,3,0,24.0,0,0,7.05,2,3
212,1,2,1,35.0,0,0,21.0,2,3
213,0,3,0,22.0,0,0,7.25,2,3
214,0,2,0,30.0,0,0,13.0,2,3
215,0,3,0,28.0,1,0,7.75,1,3
216,1,1,1,31.0,1,0,113.275,0,1
217,1,3,1,27.0,0,0,7.925,2,3
218,0,2,0,42.0,1,0,27.0,2,3
219,1,1,1,32.0,0,0,76.2917,0,1
220,0,2,0,30.0,0,0,10.5,2,3
221,1,3,0,16.0,0,0,8.05,2,3
222,0,2,0,27.0,0,0,13.0,2,3
223,0,3,0,51.0,0,0,8.05,2,3
224,0,3,0,28.0,0,0,7.8958,2,3
225,1,1,0,38.0,1,0,90.0,2,0
226,0,3,0,22.0,0,0,9.35,2,3
227,1,2,0,19.0,0,0,10.5,2,3
228,0,3,0,20.5,0,0,7.25,2,3
229,0,2,0,18.0,0,0,13.0,2,3
230,0,3,1,28.0,3,1,25.4667,2,3
231,1,1,1,35.0,1,0,83.475,2,0
232,0,3,0,29.0,0,0,7.775,2,3
233,0,2,0,59.0,0,0,13.5,2,3
234,1,3,1,5.0,4,2,31.3875,2,3
235,0,2,0,24.0,0,0,10.5,2,3
236,0,3,1,28.0,0,0,7.55,2,3
237,0,2,0,44.0,1,0,26.0,2,3
238,1,2,1,8.0,0,2,26.25,2,3
239,0,2,0,19.0,0,0,10.5,2,3
240,0,2,0,33.0,0,0,12.275,2,3
241,0,3,1,28.0,1,0,14.4542,0,3
242,1,3,1,28.0,1,0,15.5,1,3
243,0,2,0,29.0,0,0,10.5,2,3
244,0,3,0,22.0,0,0,7.125,2,3
245,0,3,0,30.0,0,0,7.225,0,3
246,0,1,0,44.0,2,0,90.0,1,0
247,0,3,1,25.0,0,0,7.775,2,3
248,1,2,1,24.0,0,2,14.5,2,3
249,1,1,0,37.0,1,1,52.5542,2,1
250,0,2,0,54.0,1,0,26.0,2,3
251,0,3,0,28.0,0,0,7.25,2,3
252,0,3,1,29.0,1,1,10.4625,2,2
253,0,1,0,62.0,0,0,26.55,2,0
254,0,3,0,30.0,1,0,16.1,2,3
255,0,3,1,41.0,0,2,20.2125,2,3
256,1,3,1,29.0,0,2,15.2458,0,3
257,1,1,1,28.0,0,0,79.2,0,3
258,1,1,1,30.0,0,0,86.5,2,0
259,1,1,1,35.0,0,0,512.3292,0,3
260,1,2,1,50.0,0,1,26.0,2,3
261,0,3,0,28.0,0,0,7.75,1,3
262,1,3,0,3.0,4,2,31.3875,2,3
263,0,1,0,52.0,1,1,79.65,2,1
264,0,1,0,40.0,0,0,0.0,2,0
265,0,3,1,28.0,0,0,7.75,1,3
266,0,2,0,36.0,0,0,10.5,2,3
267,0,3,0,16.0,4,1,39.6875,2,3
268,1,3,0,25.0,1,0,7.775,2,3
269,1,1,1,58.0,0,1,153.4625,2,0
270,1,1,1,35.0,0,0,135.6333,2,0
271,0,1,0,28.0,0,0,31.0,2,3
272,1,3,0,25.0,0,0,0.0,2,3
273,1,2,1,41.0,0,1,19.5,2,3
274,0,1,0,37.0,0,1,29.7,0,0
275,1,3,1,28.0,0,0,7.75,1,3
276,1,1,1,63.0,1,0,77.9583,2,1
277,0,3,1,45.0,0,0,7.75,2,3
278,0,2,0,28.0,0,0,0.0,2,3
279,0,3,0,7.0,4,1,29.125,1,3
280,1,3,1,35.0,1,1,20.25,2,3
281,0,3,0,65.0,0,0,7.75,1,3
282,0,3,0,28.0,0,0,7.8542,2,3
283,0,3,0,16.0,0,0,9.5,2,3
284,1,3,0,19.0,0,0,8.05,2,3
285,0,1,0,28.0,0,0,26.0,2,0
286,0,3,0,33.0,0,0,8.6625,0,3
287,1,3,0,30.0,0,0,9.5,2,3
288,0,3,0,22.0,0,0,7.8958,2,3
289,1,2,0,42.0,0,0,13.0,2,3
290,1,3,1,22.0,0,0,7.75,1,3
291,1,1,1,26.0,0,0,78.85,2,3
292,1,1,1,19.0,1,0,91.0792,0,0
293,0,2,0,36.0,0,0,12.875,0,1
294,0,3,1,24.0,0,0,8.85,2,3
295,0,3,0,24.0,0,0,7.8958,2,3
296,0,1,0,28.0,0,0,27.7208,0,3
297,0,3,0,23.5,0,0,7.2292,0,3
298,0,1,1,2.0,1,2,151.55,2,0
299,1,1,0,28.0,0,0,30.5,2,0
300,1,1,1,50.0,0,1,247.5208,0,0
301,1,3,1,28.0,0,0,7.75,1,3
302,1,3,0,28.0,2,0,23.25,1,3
303,0,3,0,19.0,0,0,0.0,2,3
304,1,2,1,28.0,0,0,12.35,1,1
305,0,3,0,28.0,0,0,8.05,2,3
306,1,1,0,0.92,1,2,151.55,2,0
307,1,1,1,28.0,0,0,110.8833,0,3
308,1,1,1,17.0,1,0,108.9,0,0
309,0,2,0,30.0,1,0,24.0,0,3
310,1,1,1,30.0,0,0,56.9292,0,1
311,1,1,1,24.0,0,0,83.1583,0,0
312,1,1,1,18.0,2,2,262.375,0,0
313,0,2,1,26.0,1,1,26.0,2,3
314,0,3,0,28.0,0,0,7.8958,2,3
315,0,2,0,43.0,1,1,26.25,2,3
316,1,3,1,26.0,0,0,7.8542,2,3
317,1,2,1,24.0,1,0,26.0,2,3
318,0,2,0,54.0,0,0,14.0,2,3
319,1,1,1,31.0,0,2,164.8667,2,0
320,1,1,1,40.0,1,1,134.5,0,1
321,0,3,0,22.0,0,0,7.25,2,3
322,0,3,0,27.0,0,0,7.8958,2,3
323,1,2,1,30.0,0,0,12.35,1,3
324,1,2,1,22.0,1,1,29.0,2,3
325,0,3,0,28.0,8,2,69.55,2,3
326,1,1,1,36.0,0,0,135.6333,0,0
327,0,3,0,61.0,0,0,6.2375,2,3
328,1,2,1,36.0,0,0,13.0,2,1
329,1,3,1,31.0,1,1,20.525,2,3
330,1,1,1,16.0,0,1,57.9792,0,0
331,1,3,1,28.0,2,0,23.25,1,3
332,0,1,0,45.5,0,0,28.5,2,0
333,0,1,0,38.0,0,1,153.4625,2,0
334,0,3,0,16.0,2,0,18.0,2,3
335,1,1,1,28.0,1,0,133.65,2,3
336,0,3,0,28.0,0,0,7.8958,2,3
337,0,1,0,29.0,1,0,66.6,2,0
338,1,1,1,41.0,0,0,134.5,0,1
339,1,3,0,45.0,0,0,8.05,2,3
340,0,1,0,45.0,0,0,35.5,2,0
341,1,2,0,2.0,1,1,26.0,2,2
342,1,1,1,24.0,3,2,263.0,2,0
343,0,2,0,28.0,0,0,13.0,2,3
344,0,2,0,25.0,0,0,13.0,2,3
345,0,2,0,36.0,0,0,13.0,2,3
346,1,2,1,24.0,0,0,13.0,2,2
347,1,2,1,40.0,0,0,13.0,2,3
348,1,3,1,28.0,1,0,16.1,2,3
349,1,3,0,3.0,1,1,15.9,2,3
350,0,3,0,42.0,0,0,8.6625,2,3
351,0,3,0,23.0,0,0,9.225,2,3
352,0,1,0,28.0,0,0,35.0,2,0
353,0,3,0,15.0,1,1,7.2292,0,3
354,0,3,0,25.0,1,0,17.8,2,3
355,0,3,0,28.0,0,0,7.225,0,3
356,0,3,0,28.0,0,0,9.5,2,3
357,1,1,1,22.0,0,1,55.0,2,1
358,0,2,1,38.0,0,0,13.0,2,3
359,1,3,1,28.0,0,0,7.8792,1,3
360,1,3,1,28.0,0,0,7.8792,1,3
361,0,3,0,40.0,1,4,27.9,2,3
362,0,2,0,29.0,1,0,27.7208,0,3
363,0,3,1,45.0,0,1,14.4542,0,3
364,0,3,0,35.0,0,0,7.05,2,3
365,0,3,0,28.0,1,0,15.5,1,3
366,0,3,0,30.0,0,0,7.25,2,3
367,1,1,1,60.0,1,0,75.25,0,1
368,1,3,1,28.0,0,0,7.2292,0,3
369,1,3,1,28.0,0,0,7.75,1,3
370,1,1,1,24.0,0,0,69.3,0,0
371,1,1,0,25.0,1,0,55.4417,0,1
372,0,3,0,18.0,1,0,6.4958,2,3
373,0,3,0,19.0,0,0,8.05,2,3
374,0,1,0,22.0,0,0,135.6333,0,3
375,0,3,1,3.0,3,1,21.075,2,3
376,1,1,1,28.0,1,0,82.1708,0,3
377,1,3,1,22.0,0,0,7.25,2,3
378,0,1,0,27.0,0,2,211.5,0,0
379,0,3,0,20.0,0,0,4.0125,0,3
380,0,3,0,19.0,0,0,7.775,2,3
381,1,1,1,42.0,0,0,227.525,0,3
382,1,3,1,1.0,0,2,15.7417,0,3
383,0,3,0,32.0,0,0,7.925,2,3
384,1,1,1,35.0,1,0,52.0,2,3
385,0,3,0,28.0,0,0,7.8958,2,3
386,0,2,0,18.0,0,0,73.5,2,3
387,0,3,0,1.0,5,2,46.9,2,3
388,1,2,1,36.0,0,0,13.0,2,3
389,0,3,0,28.0,0,0,7.7292,1,3
390,1,2,1,17.0,0,0,12.0,0,3
391,1,1,0,36.0,1,2,120.0,2,0
392,1,3,0,21.0,0,0,7.7958,2,3
393,0,3,0,28.0,2,0,7.925,2,3
394,1,1,1,23.0,1,0,113.275,0,1
395,1,3,1,24.0,0,2,16.7,2,2
396,0,3,0,22.0,0,0,7.7958,2,3
397,0,3,1,31.0,0,0,7.8542,2,3
398,0,2,0,46.0,0,0,26.0,2,3
399,0,2,0,23.0,0,0,10.5,2,3
400,1,2,1,28.0,0,0,12.65,2,3
401,1,3,0,39.0,0,0,7.925,2,3
402,0,3,0,26.0,0,0,8.05,2,3
403,0,3,1,21.0,1,0,9.825,2,3
404,0,3,0,28.0,1,0,15.85,2,3
405,0,3,1,20.0,0,0,8.6625,2,3
406,0,2,0,34.0,1,0,21.0,2,3
407,0,3,0,51.0,0,0,7.75,2,3
408,1,2,0,3.0,1,1,18.75,2,3
409,0,3,0,21.0,0,0,7.775,2,3
410,0,3,1,28.0,3,1,25.4667,2,3
411,0,3,0,28.0,0,0,7.8958,2,3
412,0,3,0,28.0,0,0,6.8583,1,3
413,1,1,1,33.0,1,0,90.0,1,0
414,0,2,0,28.0,0,0,0.0,2,3
415,1,3,0,44.0,0,0,7.925,2,3
416,0,3,1,28.0,0,0,8.05,2,3
417,1,2,1,34.0,1,1,32.5,2,3
418,1,2,1,18.0,0,2,13.0,2,3
419,0,2,0,30.0,0,0,13.0,2,3
420,0,3,1,10.0,0,2,24.15,2,3
421,0,3,0,28.0,0,0,7.8958,0,3
422,0,3,0,21.0,0,0,7.7333,1,3
423,0,3,0,29.0,0,0,7.875,2,3
424,0,3,1,28.0,1,1,14.4,2,3
425,0,3,0,18.0,1,1,20.2125,2,3
426,0,3,0,28.0,0,0,7.25,2,3
427,1,2,1,28.0,1,0,26.0,2,3
428,1,2,1,19.0,0,0,26.0,2,3
429,0,3,0,28.0,0,0,7.75,1,3
430,1,3,0,32.0,0,0,8.05,2,1
431,1,1,0,28.0,0,0,26.55,2,0
432,1,3,1,28.0,1,0,16.1,2,3
433,1,2,1,42.0,1,0,26.0,2,3
434,0,3,0,17.0,0,0,7.125,2,3
435,0,1,0,50.0,1,0,55.9,2,1
436,1,1,1,14.0,1,2,120.0,2,0
437,0,3,1,21.0,2,2,34.375,2,3
438,1,2,1,24.0,2,3,18.75,2,3
439,0,1,0,64.0,1,4,263.0,2,0
440,0,2,0,31.0,0,0,10.5,2,3
441,1,2,1,45.0,1,1,26.25,2,3
442,0,3,0,20.0,0,0,9.5,2,3
443,0,3,0,25.0,1,0,7.775,2,3
444,1,2,1,28.0,0,0,13.0,2,3
445,1,3,0,28.0,0,0,8.1125,2,3
446,1,1,0,4.0,0,2,81.8583,2,0
447,1,2,1,13.0,0,1,19.5,2,3
448,1,1,0,34.0,0,0,26.55,2,3
449,1,3,1,5.0,2,1,19.2583,0,3
450,1,1,0,52.0,0,0,30.5,2,0
451,0,2,0,36.0,1,2,27.75,2,3
452,0,3,0,28.0,1,0,19.9667,2,3
453,0,1,0,30.0,0,0,27.75,0,0
454,1,1,0,49.0,1,0,89.1042,0,0
455,0,3,0,28.0,0,0,8.05,2,3
456,1,3,0,29.0,0,0,7.8958,0,3
457,0,1,0,65.0,0,0,26.55,2,1
458,1,1,1,28.0,1,0,51.8625,2,1
459,1,2,1,50.0,0,0,10.5,2,3
460,0,3,0,28.0,0,0,7.75,1,3
461,1,1,0,48.0,0,0,26.55,2,1
462,0,3,0,34.0,0,0,8.05,2,3
463,0,1,0,47.0,0,0,38.5,2,1
464,0,2,0,48.0,0,0,13.0,2,3
465,0,3,0,28.0,0,0,8.05,2,3
466,0,3,0,38.0,0,0,7.05,2,3
467,0,2,0,28.0,0,0,0.0,2,3
468,0,1,0,56.0,0,0,26.55,2,3
469,0,3,0,28.0,0,0,7.725,1,3
470,1,3,1,0.75,2,1,19.2583,0,3
471,0,3,0,28.0,0,0,7.25,2,3
472,0,3,0,38.0,0,0,8.6625,2,3
473,1,2,1,33.0,1,2,27.75,2,3
474,1,2,1,23.0,0,0,13.7917,0,1
475,0,3,1,22.0,0,0,9.8375,2,3
476,0,1,0,28.0,0,0,52.0,2,0
477,0,2,0,34.0,1,0,21.0,2,3
478,0,3,0,29.0,1,0,7.0458,2,3
479,0,3,0,22.0,0,0,7.5208,2,3
480,1,3,1,2.0,0,1,12.2875,2,3
481,0,3,0,9.0,5,2,46.9,2,3
482,0,2,0,28.0,0,0,0.0,2,3
483,0,3,0,50.0,0,0,8.05,2,3
484,1,3,1,63.0,0,0,9.5875,2,3
485,1,1,0,25.0,1,0,91.0792,0,0
486,0,3,1,28.0,3,1,25.4667,2,3
487,1,1,1,35.0,1,0,90.0,2,0
488,0,1,0,58.0,0,0,29.7,0,0
489,0,3,0,30.0,0,0,8.05,2,3
490,1,3,0,9.0,1,1,15.9,2,3
491,0,3,0,28.0,1,0,19.9667,2,3
492,0,3,0,21.0,0,0,7.25,2,3
493,0,1,0,55.0,0,0,30.5,2,0
494,0,1,0,71.0,0,0,49.5042,0,3
495,0,3,0,21.0,0,0,8.05,2,3
496,0,3,0,28.0,0,0,14.4583,0,3
497,1,1,1,54.0,1,0,78.2667,0,1
498,0,3,0,28.0,0,0,15.1,2,3
499,0,1,1,25.0,1,2,151.55,2,0
500,0,3,0,24.0,0,0,7.7958,2,3
501,0,3,0,17.0,0,0,8.6625,2,3
502,0,3,1,21.0,0,0,7.75,1,3
503,0,3,1,28.0,0,0,7.6292,1,3
504,0,3,1,37.0,0,0,9.5875,2,3
505,1,1,1,16.0,0,0,86.5,2,0
506,0,1,0,18.0,1,0,108.9,0,0
507,1,2,1,33.0,0,2,26.0,2,3
508,1,1,0,28.0,0,0,26.55,2,3
509,0,3,0,28.0,0,0,22.525,2,3
510,1,3,0,26.0,0,0,56.4958,2,3
511,1,3,0,29.0,0,0,7.75,1,3
512,0,3,0,28.0,0,0,8.05,2,3
513,1,1,0,36.0,0,0,26.2875,2,1
514,1,1,1,54.0,1,0,59.4,0,3
515,0,3,0,24.0,0,0,7.4958,2,3
516,0,1,0,47.0,0,0,34.0208,2,1
517,1,2,1,34.0,0,0,10.5,2,2
518,0,3,0,28.0,0,0,24.15,1,3
519,1,2,1,36.0,1,0,26.0,2,3
520,0,3,0,32.0,0,0,7.8958,2,3
521,1,1,1,30.0,0,0,93.5,2,0
522,0,3,0,22.0,0,0,7.8958,2,3
523,0,3,0,28.0,0,0,7.225,0,3
524,1,1,1,44.0,0,1,57.9792,0,0
525,0,3,0,28.0,0,0,7.2292,0,3
526,0,3,0,40.5,0,0,7.75,1,3
527,1,2,1,50.0,0,0,10.5,2,3
528,0,1,0,28.0,0,0,221.7792,2,0
529,0,3,0,39.0,0,0,7.925,2,3
530,0,2,0,23.0,2,1,11.5,2,3
531,1,2,1,2.0,1,1,26.0,2,3
532,0,3,0,28.0,0,0,7.2292,0,3
533,0,3,0,17.0,1,1,7.2292,0,3
534,1,3,1,28.0,0,2,22.3583,0,3
535,0,3,1,30.0,0,0,8.6625,2,3
536,1,2,1,7.0,0,2,26.25,2,3
537,0,1,0,45.0,0,0,26.55,2,0
538,1,1,1,30.0,0,0,106.425,0,3
539,0,3,0,28.0,0,0,14.5,2,3
540,1,1,1,22.0,0,2,49.5,0,0
541,1,1,1,36.0,0,2,71.0,2,0
542,0,3,1,9.0,4,2,31.275,2,3
543,0,3,1,11.0,4,2,31.275,2,3
544,1,2,0,32.0,1,0,26.0,2,3
545,0,1,0,50.0,1,0,106.425,0,0
546,0,1,0,64.0,0,0,26.0,2,3
547,1,2,1,19.0,1,0,26.0,2,3
548,1,2,0,28.0,0,0,13.8625,0,3
549,0,3,0,33.0,1,1,20.525,2,3
550,1,2,0,8.0,1,1,36.75,2,3
551,1,1,0,17.0,0,2,110.8833,0,0
552,0,2,0,27.0,0,0,26.0,2,3
553,0,3,0,28.0,0,0,7.8292,1,3
554,1,3,0,22.0,0,0,7.225,0,3
555,1,3,1,22.0,0,0,7.775,2,3
556,0,1,0,62.0,0,0,26.55,2,3
557,1,1,1,48.0,1,0,39.6,0,0
558,0,1,0,28.0,0,0,227.525,0,3
559,1,1,1,39.0,1,1,79.65,2,1
560,1,3,1,36.0,1,0,17.4,2,3
561,0,3,0,28.0,0,0,7.75,1,3
562,0,3,0,40.0,0,0,7.8958,2,3
563,0,2,0,28.0,0,0,13.5,2,3
564,0,3,0,28.0,0,0,8.05,2,3
565,0,3,1,28.0,0,0,8.05,2,3
566,0,3,0,24.0,2,0,24.15,2,3
567,0,3,0,19.0,0,0,7.8958,2,3
568,0,3,1,29.0,0,4,21.075,2,3
569,0,3,0,28.0,0,0,7.2292,0,3
570,1,3,0,32.0,0,0,7.8542,2,3
571,1,2,0,62.0,0,0,10.5,2,3
572,1,1,1,53.0,2,0,51.4792,2,0
573,1,1,0,36.0,0,0,26.3875,2,1
574,1,3,1,28.0,0,0,7.75,1,3
575,0,3,0,16.0,0,0,8.05,2,3
576,0,3,0,19.0,0,0,14.5,2,3
577,1,2,1,34.0,0,0,13.0,2,3
578,1,1,1,39.0,1,0,55.9,2,1
579,0,3,1,28.0,1,0,14.4583,0,3
580,1,3,0,32.0,0,0,7.925,2,3
581,1,2,1,25.0,1,1,30.0,2,3
582,1,1,1,39.0,1,1,110.8833,0,0
583,0,2,0,54.0,0,0,26.0,2,3
584,0,1,0,36.0,0,0,40.125,0,0
585,0,3,0,28.0,0,0,8.7125,0,3
586,1,1,1,18.0,0,2,79.65,2,1
587,0,2,0,47.0,0,0,15.0,2,3
588,1,1,0,60.0,1,1,79.2,0,0
589,0,3,0,22.0,0,0,8.05,2,3
590,0,3,0,28.0,0,0,8.05,2,3
591,0,3,0,35.0,0,0,7.125,2,3
592,1,1,1,52.0,1,0,78.2667,0,1
593,0,3,0,47.0,0,0,7.25,2,3
594,0,3,1,28.0,0,2,7.75,1,3
595,0,2,0,37.0,1,0,26.0,2,3
596,0,3,0,36.0,1,1,24.15,2,3
597,1,2,1,28.0,0,0,33.0,2,3
598,0,3,0,49.0,0,0,0.0,2,3
599,0,3,0,28.0,0,0,7.225,0,3
600,1,1,0,49.0,1,0,56.9292,0,0
601,1,2,1,24.0,2,1,27.0,2,3
602,0,3,0,28.0,0,0,7.8958,2,3
603,0,1,0,28.0,0,0,42.4,2,3
604,0,3,0,44.0,0,0,8.05,2,3
605,1,1,0,35.0,0,0,26.55,0,3
606,0,3,0,36.0,1,0,15.55,2,3
607,0,3,0,30.0,0,0,7.8958,2,3
608,1,1,0,27.0,0,0,30.5,2,3
609,1,2,1,22.0,1,2,41.5792,0,3
610,1,1,1,40.0,0,0,153.4625,2,0
611,0,3,1,39.0,1,5,31.275,2,3
612,0,3,0,28.0,0,0,7.05,2,3
613,1,3,1,28.0,1,0,15.5,1,3
614,0,3,0,28.0,0,0,7.75,1,3
615,0,3,0,35.0,0,0,8.05,2,3
616,1,2,1,24.0,1,2,65.0,2,3
617,0,3,0,34.0,1,1,14.4,2,3
618,0,3,1,26.0,1,0,16.1,2,3
619,1,2,1,4.0,2,1,39.0,2,2
620,0,2,0,26.0,0,0,10.5,2,3
621,0,3,0,27.0,1,0,14.4542,0,3
622,1,1,0,42.0,1,0,52.5542,2,1
623,1,3,0,20.0,1,1,15.7417,0,3
624,0,3,0,21.0,0,0,7.8542,2,3
625,0,3,0,21.0,0,0,16.1,2,3
626,0,1,0,61.0,0,0,32.3208,2,1
627,0,2,0,57.0,0,0,12.35,1,3
628,1,1,1,21.0,0,0,77.9583,2,1
629,0,3,0,26.0,0,0,7.8958,2,3
630,0,3,0,28.0,0,0,7.7333,1,3
631,1,1,0,80.0,0,0,30.0,2,0
632,0,3,0,51.0,0,0,7.0542,2,3
633,1,1,0,32.0,0,0,30.5,0,0
634,0,1,0,28.0,0,0,0.0,2,3
635,0,3,1,9.0,3,2,27.9,2,3
636,1,2,1,28.0,0,0,13.0,2,3
637,0,3,0,32.0,0,0,7.925,2,3
638,0,2,0,31.0,1,1,26.25,2,3
639,0,3,1,41.0,0,5,39.6875,2,3
640,0,3,0,28.0,1,0,16.1,2,3
641,0,3,0,20.0,0,0,7.8542,2,3
642,1,1,1,24.0,0,0,69.3,0,0
643,0,3,1,2.0,3,2,27.9,2,3
644,1,3,0,28.0,0,0,56.4958,2,3
645,1,3,1,0.75,2,1,19.2583,0,3
646,1,1,0,48.0,1,0,76.7292,0,1
647,0,3,0,19.0,0,0,7.8958,2,3
648,1,1,0,56.0,0,0,35.5,0,0
649,0,3,0,28.0,0,0,7.55,2,3
650,1,3,1,23.0,0,0,7.55,2,3
651,0,3,0,28.0,0,0,7.8958,2,3
652,1,2,1,18.0,0,1,23.0,2,3
653,0,3,0,21.0,0,0,8.4333,2,3
654,1,3,1,28.0,0,0,7.8292,1,3
655,0,3,1,18.0,0,0,6.75,1,3
656,0,2,0,24.0,2,0,73.5,2,3
657,0,3,0,28.0,0,0,7.8958,2,3
658,0,3,1,32.0,1,1,15.5,1,3
659,0,2,0,23.0,0,0,13.0,2,3
660,0,1,0,58.0,0,2,113.275,0,1
661,1,1,0,50.0,2,0,133.65,2,3
662,0,3,0,40.0,0,0,7.225,0,3
663,0,1,0,47.0,0,0,25.5875,2,1
664,0,3,0,36.0,0,0,7.4958,2,3
665,1,3,0,20.0,1,0,7.925,2,3
666,0,2,0,32.0,2,0,73.5,2,3
667,0,2,0,25.0,0,0,13.0,2,3
668,0,3,0,28.0,0,0,7.775,2,3
669,0,3,0,43.0,0,0,8.05,2,3
670,1,1,1,28.0,1,0,52.0,2,0
671,1,2,1,40.0,1,1,39.0,2,3
672,0,1,0,31.0,1,0,52.0,2,0
673,0,2,0,70.0,0,0,10.5,2,3
674,1,2,0,31.0,0,0,13.0,2,3
675,0,2,0,28.0,0,0,0.0,2,3
676,0,3,0,18.0,0,0,7.775,2,3
677,0,3,0,24.5,0,0,8.05,2,3
678,1,3,1,18.0,0,0,9.8417,2,3
679,0,3,1,43.0,1,6,46.9,2,3
680,1,1,0,36.0,0,1,512.3292,0,0
681,0,3,1,28.0,0,0,8.1375,1,3
682,1,1,0,27.0,0,0,76.7292,0,1
683,0,3,0,20.0,0,0,9.225,2,3
684,0,3,0,14.0,5,2,46.9,2,3
685,0,2,0,60.0,1,1,39.0,2,3
686,0,2,0,25.0,1,2,41.5792,0,3
687,0,3,0,14.0,4,1,39.6875,2,3
688,0,3,0,19.0,0,0,10.1708,2,3
689,0,3,0,18.0,0,0,7.7958,2,3
690,1,1,1,15.0,0,1,211.3375,2,0
691,1,1,0,31.0,1,0,57.0,2,0
692,1,3,1,4.0,0,1,13.4167,0,3
693,1,3,0,28.0,0,0,56.4958,2,3
694,0,3,0,25.0,0,0,7.225,0,3
695,0,1,0,60.0,0,0,26.55,2,3
696,0,2,0,52.0,0,0,13.5,2,3
697,0,3,0,44.0,0,0,8.05,2,3
698,1,3,1,28.0,0,0,7.7333,1,3
699,0,1,0,49.0,1,1,110.8833,0,0
700,0,3,0,42.0,0,0,7.65,2,2
701,1,1,1,18.0,1,0,227.525,0,0
702,1,1,0,35.0,0,0,26.2875,2,1
703,0,3,1,18.0,0,1,14.4542,0,3
704,0,3,0,25.0,0,0,7.7417,1,3
705,0,3,0,26.0,1,0,7.8542,2,3
706,0,2,0,39.0,0,0,26.0,2,3
707,1,2,1,45.0,0,0,13.5,2,3
708,1,1,0,42.0,0,0,26.2875,2,1
709,1,1,1,22.0,0,0,151.55,2,3
710,1,3,0,28.0,1,1,15.2458,0,3
711,1,1,1,24.0,0,0,49.5042,0,0
712,0,1,0,28.0,0,0,26.55,2,0
713,1,1,0,48.0,1,0,52.0,2,0
714,0,3,0,29.0,0,0,9.4833,2,3
715,0,2,0,52.0,0,0,13.0,2,3
716,0,3,0,19.0,0,0,7.65,2,2
717,1,1,1,38.0,0,0,227.525,0,0
718,1,2,1,27.0,0,0,10.5,2,1
719,0,3,0,28.0,0,0,15.5,1,3
720,0,3,0,33.0,0,0,7.775,2,3
721,1,2,1,6.0,0,1,33.0,2,3
722,0,3,0,17.0,1,0,7.0542,2,3
723,0,2,0,34.0,0,0,13.0,2,3
724,0,2,0,50.0,0,0,13.0,2,3
725,1,1,0,27.0,1,0,53.1,2,1
726,0,3,0,20.0,0,0,8.6625,2,3
727,1,2,1,30.0,3,0,21.0,2,3
728,1,3,1,28.0,0,0,7.7375,1,3
729,0,2,0,25.0,1,0,26.0,2,3
730,0,3,1,25.0,1,0,7.925,2,3
731,1,1,1,29.0,0,0,211.3375,2,0
732,0,3,0,11.0,0,0,18.7875,0,3
733,0,2,0,28.0,0,0,0.0,2,3
734,0,2,0,23.0,0,0,13.0,2,3
735,0,2,0,23.0,0,0,13.0,2,3
736,0,3,0,28.5,0,0,16.1,2,3
737,0,3,1,48.0,1,3,34.375,2,3
738,1,1,0,35.0,0,0,512.3292,0,0
739,0,3,0,28.0,0,0,7.8958,2,3
740,0,3,0,28.0,0,0,7.8958,2,3
741,1,1,0,28.0,0,0,30.0,2,1
742,0,1,0,36.0,1,0,78.85,2,0
743,1,1,1,21.0,2,2,262.375,0,0
744,0,3,0,24.0,1,0,16.1,2,3
745,1,3,0,31.0,0,0,7.925,2,3
746,0,1,0,70.0,1,1,71.0,2,0
747,0,3,0,16.0,1,1,20.25,2,3
748,1,2,1,30.0,0,0,13.0,2,3
749,0,1,0,19.0,1,0,53.1,2,1
750,0,3,0,31.0,0,0,7.75,1,3
751,1,2,1,4.0,1,1,23.0,2,3
752,1,3,0,6.0,0,1,12.475,2,1
753,0,3,0,33.0,0,0,9.5,2,3
754,0,3,0,23.0,0,0,7.8958,2,3
755,1,2,1,48.0,1,2,65.0,2,3
756,1,2,0,0.67,1,1,14.5,2,3
757,0,3,0,28.0,0,0,7.7958,2,3
758,0,2,0,18.0,0,0,11.5,2,3
759,0,3,0,34.0,0,0,8.05,2,3
760,1,1,1,33.0,0,0,86.5,2,0
761,0,3,0,28.0,0,0,14.5,2,3
762,0,3,0,41.0,0,0,7.125,2,3
763,1,3,0,20.0,0,0,7.2292,0,3
764,1,1,1,36.0,1,2,120.0,2,0
765,0,3,0,16.0,0,0,7.775,2,3
766,1,1,1,51.0,1,0,77.9583,2,1
767,0,1,0,28.0,0,0,39.6,0,3
768,0,3,1,30.5,0,0,7.75,1,3
769,0,3,0,28.0,1,0,24.15,1,3
770,0,3,0,32.0,0,0,8.3625,2,3
771,0,3,0,24.0,0,0,9.5,2,3
772,0,3,0,48.0,0,0,7.8542,2,3
773,0,2,1,57.0,0,0,10.5,2,1
774,0,3,0,28.0,0,0,7.225,0,3
775,1,2,1,54.0,1,3,23.0,2,3
776,0,3,0,18.0,0,0,7.75,2,3
777,0,3,0,28.0,0,0,7.75,1,2
778,1,3,1,5.0,0,0,12.475,2,3
779,0,3,0,28.0,0,0,7.7375,1,3
780,1,1,1,43.0,0,1,211.3375,2,0
781,1,3,1,13.0,0,0,7.2292,0,3
782,1,1,1,17.0,1,0,57.0,2,0
783,0,1,0,29.0,0,0,30.0,2,1
784,0,3,0,28.0,1,2,23.45,2,3
785,0,3,0,25.0,0,0,7.05,2,3
786,0,3,0,25.0,0,0,7.25,2,3
787,1,3,1,18.0,0,0,7.4958,2,3
788,0,3,0,8.0,4,1,29.125,1,3
789,1,3,0,1.0,1,2,20.575,2,3
790,0,1,0,46.0,0,0,79.2,0,0
791,0,3,0,28.0,0,0,7.75,1,3
792,0,2,0,16.0,0,0,26.0,2,3
793,0,3,1,28.0,8,2,69.55,2,3
794,0,1,0,28.0,0,0,30.6958,0,3
795,0,3,0,25.0,0,0,7.8958,2,3
796,0,2,0,39.0,0,0,13.0,2,3
797,1,1,1,49.0,0,0,25.9292,2,1
798,1,3,1,31.0,0,0,8.6833,2,3
799,0,3,0,30.0,0,0,7.2292,0,3
800,0,3,1,30.0,1,1,24.15,2,3
801,0,2,0,34.0,0,0,13.0,2,3
802,1,2,1,31.0,1,1,26.25,2,3
803,1,1,0,11.0,1,2,120.0,2,0
804,1,3,0,0.42,0,1,8.5167,0,3
805,1,3,0,27.0,0,0,6.975,2,3
806,0,3,0,31.0,0,0,7.775,2,3
807,0,1,0,39.0,0,0,0.0,2,0
808,0,3,1,18.0,0,0,7.775,2,3
809,0,2,0,39.0,0,0,13.0,2,3
810,1,1,1,33.0,1,0,53.1,2,1
811,0,3,0,26.0,0,0,7.8875,2,3
812,0,3,0,39.0,0,0,24.15,2,3
813,0,2,0,35.0,0,0,10.5,2,3
814,0,3,1,6.0,4,2,31.275,2,3
815,0,3,0,30.5,0,0,8.05,2,3
816,0,1,0,28.0,0,0,0.0,2,0
817,0,3,1,23.0,0,0,7.925,2,3
818,0,2,0,31.0,1,1,37.0042,0,3
819,0,3,0,43.0,0,0,6.45,2,3
820,0,3,0,10.0,3,2,27.9,2,3
821,1,1,1,52.0,1,1,93.5,2,0
822,1,3,0,27.0,0,0,8.6625,2,3
823,0,1,0,38.0,0,0,0.0,2,3
824,1,3,1,27.0,0,1,12.475,2,1
825,0,3,0,2.0,4,1,39.6875,2,3
826,0,3,0,28.0,0,0,6.95,1,3
827,0,3,0,28.0,0,0,56.4958,2,3
828,1,2,0,1.0,0,2,37.0042,0,3
829,1,3,0,28.0,0,0,7.75,1,3
830,1,1,1,62.0,0,0,80.0,2,0
831,1,3,1,15.0,1,0,14.4542,0,3
832,1,2,0,0.83,1,1,18.75,2,3
833,0,3,0,28.0,0,0,7.2292,0,3
834,0,3,0,23.0,0,0,7.8542,2,3
835,0,3,0,18.0,0,0,8.3,2,3
836,1,1,1,39.0,1,1,83.1583,0,1
837,0,3,0,21.0,0,0,8.6625,2,3
838,0,3,0,28.0,0,0,8.05,2,3
839,1,3,0,32.0,0,0,56.4958,2,3
840,1,1,0,28.0,0,0,29.7,0,0
841,0,3,0,20.0,0,0,7.925,2,3
842,0,2,0,16.0,0,0,10.5,2,3
843,1,1,1,30.0,0,0,31.0,0,3
844,0,3,0,34.5,0,0,6.4375,0,3
845,0,3,0,17.0,0,0,8.6625,2,3
846,0,3,0,42.0,0,0,7.55,2,3
847,0,3,0,28.0,8,2,69.55,2,3
848,0,3,0,35.0,0,0,7.8958,0,3
849,0,2,0,28.0,0,1,33.0,2,3
850,1,1,1,28.0,1,0,89.1042,0,0
851,0,3,0,4.0,4,2,31.275,2,3
852,0,3,0,74.0,0,0,7.775,2,3
853,0,3,1,9.0,1,1,15.2458,0,3
854,1,1,1,16.0,0,1,39.4,2,1
855,0,2,1,44.0,1,0,26.0,2,3
856,1,3,1,18.0,0,1,9.35,2,3
857,1,1,1,45.0,1,1,164.8667,2,3
858,1,1,0,51.0,0,0,26.55,2,1
859,1,3,1,24.0,0,3,19.2583,0,3
860,0,3,0,28.0,0,0,7.2292,0,3
861,0,3,0,41.0,2,0,14.1083,2,3
862,0,2,0,21.0,1,0,11.5,2,3
863,1,1,1,48.0,0,0,25.9292,2,1
864,0,3,1,28.0,8,2,69.55,2,3
865,0,2,0,24.0,0,0,13.0,2,3
866,1,2,1,42.0,0,0,13.0,2,3
867,1,2,1,27.0,1,0,13.8583,0,3
868,0,1,0,31.0,0,0,50.4958,2,0
869,0,3,0,28.0,0,0,9.5,2,3
870,1,3,0,4.0,1,1,11.1333,2,3
871,0,3,0,26.0,0,0,7.8958,2,3
872,1,1,1,47.0,1,1,52.5542,2,1
873,0,1,0,33.0,0,0,5.0,2,0
874,0,3,0,47.0,0,0,9.0,2,3
875,1,2,1,28.0,1,0,24.0,0,3
876,1,3,1,15.0,0,0,7.225,0,3
877,0,3,0,20.0,0,0,9.8458,2,3
878,0,3,0,19.0,0,0,7.8958,2,3
879,0,3,0,28.0,0,0,7.8958,2,3
880,1,1,1,56.0,0,1,83.1583,0,0
881,1,2,1,25.0,0,1,26.0,2,3
882,0,3,0,33.0,0,0,7.8958,2,3
883,0,3,1,22.0,0,0,10.5167,2,3
884,0,2,0,28.0,0,0,10.5,2,3
885,0,3,0,25.0,0,0,7.05,2,3
886,0,3,1,39.0,0,5,29.125,1,3
887,0,2,0,27.0,0,0,13.0,2,3
888,1,1,1,19.0,0,0,30.0,2,0
889,0,3,1,28.0,1,2,23.45,2,3
890,1,1,0,26.0,0,0,30.0,0,0
891,0,3,0,32.0,0,0,7.75,1,3
